OTU_5	Salmonella_enterica_16S_1	100.0	425	0	0	1	425	1	1536	-1	0
OTU_1	Lactobacillus_fermentum_16S	100.0	425	0	0	1	425	1	1568	-1	0
OTU_4	Bacillus_subtilis_16S	100.0	426	0	0	1	426	1	1558	-1	0
OTU_7	Enterococcus_faecalis_16S	100.0	425	0	0	1	425	1	1562	-1	0
OTU_3	Listeria_monocytogenes_16S	100.0	425	0	0	1	425	1	1552	-1	0
OTU_13	Bacillus_subtilis_16S	99.5	443	2	0	1	443	1	1558	-1	0
OTU_11	Lactobacillus_fermentum_16S	99.5	442	2	0	1	442	1	1568	-1	0
OTU_15	Staphylococcus_aureus_16S	94.6	426	22	1	1	426	1	1556	-1	0
OTU_2	Staphylococcus_aureus_16S	100.0	425	0	0	1	425	1	1556	-1	0
OTU_8	Pseudomonas_aeruginosa_16S	100.0	425	0	0	1	425	1	1526	-1	0
OTU_6	Escherichia_coli_16S_1	100.0	425	0	0	1	425	1	1542	-1	0
OTU_14	Listeria_monocytogenes_16S	99.5	442	2	0	1	442	1	1552	-1	0
OTU_20	Bacillus_subtilis_16S	94.6	426	22	1	1	425	1	1558	-1	0
OTU_16	Bacillus_subtilis_16S	94.8	426	21	1	1	425	1	1558	-1	0
OTU_9	Staphylococcus_aureus_16S	99.5	442	2	0	1	442	1	1556	-1	0
OTU_10	Salmonella_enterica_16S_1	99.5	442	2	0	1	442	1	1536	-1	0
OTU_22	Lactobacillus_fermentum_16S	94.1	425	25	0	1	425	1	1568	-1	0
OTU_23	Listeria_monocytogenes_16S	93.6	425	27	0	1	425	1	1552	-1	0
OTU_21	Staphylococcus_aureus_16S	94.1	425	25	0	1	425	1	1556	-1	0
OTU_12	Escherichia_coli_16S_1	99.5	442	2	0	1	442	1	1542	-1	0
OTU_29	Listeria_monocytogenes_16S	94.6	425	23	0	1	425	1	1552	-1	0
OTU_33	Lactobacillus_fermentum_16S	94.6	425	23	0	1	425	1	1568	-1	0
OTU_31	Lactobacillus_fermentum_16S	95.5	425	19	0	1	425	1	1568	-1	0
OTU_24	Enterococcus_faecalis_16S	96.7	425	14	0	1	425	1	1562	-1	0
OTU_34	Bacillus_subtilis_16S	96.0	426	17	0	1	426	1	1558	-1	0
OTU_18	Listeria_monocytogenes_16S	94.8	426	21	1	1	426	1	1552	-1	0
OTU_28	Bacillus_subtilis_16S	93.2	426	28	1	1	425	1	1558	-1	0
OTU_30	Lactobacillus_fermentum_16S	94.1	425	25	0	1	425	1	1568	-1	0
OTU_37	Staphylococcus_aureus_16S	87.1	425	55	0	1	425	1	1556	-1	0
OTU_32	Staphylococcus_aureus_16S	95.5	425	19	0	1	425	1	1556	-1	0
OTU_38	Salmonella_enterica_16S_1	87.1	426	54	1	1	426	1	1536	-1	0
OTU_35	Escherichia_coli_16S_1	94.1	425	25	0	1	425	1	1542	-1	0
OTU_36	Pseudomonas_aeruginosa_16S	99.5	442	2	0	1	442	1	1526	-1	0
OTU_17	Staphylococcus_aureus_16S	93.6	425	27	0	1	425	1	1556	-1	0
OTU_41	Salmonella_enterica_16S_1	96.7	425	14	0	1	425	1	1536	-1	0
OTU_42	Listeria_monocytogenes_16S	96.2	425	16	0	1	425	1	1552	-1	0
OTU_40	Salmonella_enterica_16S_1	86.8	425	56	0	1	425	1	1536	-1	0
OTU_45	Salmonella_enterica_16S_1	86.4	425	58	0	1	425	1	1536	-1	0
OTU_47	Bacillus_subtilis_16S	96.7	426	14	0	1	426	1	1558	-1	0
OTU_48	Listeria_monocytogenes_16S	86.8	425	56	0	1	425	1	1552	-1	0
OTU_19	Enterococcus_faecalis_16S	99.5	442	2	0	1	442	1	1562	-1	0
OTU_39	Pseudomonas_aeruginosa_16S	93.2	425	29	0	1	425	1	1526	-1	0
OTU_49	Staphylococcus_aureus_16S	88.0	425	51	0	1	425	1	1556	-1	0
OTU_26	Lactobacillus_fermentum_16S	94.6	425	23	0	1	425	1	1568	-1	0
OTU_50	Listeria_monocytogenes_16S	96.7	425	14	0	1	425	1	1552	-1	0
OTU_43	Bacillus_subtilis_16S	87.1	426	54	1	1	425	1	1558	-1	0
OTU_52	Escherichia_coli_16S_1	96.7	425	14	0	1	425	1	1542	-1	0
OTU_27	Staphylococcus_aureus_16S	94.6	425	23	0	1	425	1	1556	-1	0
OTU_51	Pseudomonas_aeruginosa_16S	96.5	425	15	0	1	425	1	1526	-1	0
OTU_53	Bacillus_subtilis_16S	87.6	427	50	2	1	425	1	1558	-1	0
OTU_25	Lactobacillus_fermentum_16S	93.2	426	28	1	1	426	1	1568	-1	0
OTU_44	Escherichia_coli_16S_1	88.3	427	46	2	1	425	1	1542	-1	0
OTU_46	Lactobacillus_fermentum_16S	86.4	425	58	0	1	425	1	1568	-1	0
OTU_54	Pseudomonas_aeruginosa_16S	96.9	425	13	0	1	425	1	1526	-1	0
OTU_55	Lactobacillus_fermentum_16S	90.1	425	42	0	1	425	1	1568	-1	0
OTU_56	Lactobacillus_fermentum_16S	96.7	425	14	0	1	425	1	1568	-1	0
OTU_59	Staphylococcus_aureus_16S	88.3	427	46	2	1	425	1	1556	-1	0
OTU_61	Bacillus_subtilis_16S	87.8	426	51	1	1	425	1	1558	-1	0
OTU_63	Enterococcus_faecalis_16S	96.7	425	14	0	1	425	1	1562	-1	0
OTU_65	Bacillus_subtilis_16S	90.6	426	40	0	1	426	1	1558	-1	0
OTU_64	Lactobacillus_fermentum_16S	96.9	425	13	0	1	425	1	1568	-1	0
OTU_66	Staphylococcus_aureus_16S	96.2	425	16	0	1	425	1	1556	-1	0
OTU_57	Lactobacillus_fermentum_16S	86.4	425	58	0	1	425	1	1568	-1	0
OTU_58	Listeria_monocytogenes_16S	87.8	425	52	0	1	425	1	1552	-1	0
OTU_68	Salmonella_enterica_16S_1	85.9	425	60	0	1	425	1	1536	-1	0
OTU_62	Listeria_monocytogenes_16S	96.5	425	15	0	1	425	1	1552	-1	0
OTU_73	Enterococcus_faecalis_16S	96.7	425	14	0	1	425	1	1562	-1	0
OTU_60	Lactobacillus_fermentum_16S	86.8	425	56	0	1	425	1	1568	-1	0
OTU_74	Enterococcus_faecalis_16S	96.5	425	15	0	1	425	1	1562	-1	0
OTU_75	Salmonella_enterica_16S_1	82.8	425	73	0	1	425	1	1536	-1	0
OTU_67	Escherichia_coli_16S_1	86.2	427	55	2	1	425	1	1542	-1	0
OTU_76	Staphylococcus_aureus_16S	96.9	425	13	0	1	425	1	1556	-1	0
OTU_71	Staphylococcus_aureus_16S	93.4	442	29	0	1	442	1	1556	-1	0
OTU_70	Listeria_monocytogenes_16S	87.5	425	53	0	1	425	1	1552	-1	0
OTU_77	Salmonella_enterica_16S_1	95.3	425	20	0	1	425	1	1536	-1	0
OTU_82	Enterococcus_faecalis_16S	91.1	425	38	0	1	425	1	1562	-1	0
OTU_87	Enterococcus_faecalis_16S	96.0	425	17	0	1	425	1	1562	-1	0
OTU_84	Lactobacillus_fermentum_16S	93.9	442	27	0	1	442	1	1568	-1	0
OTU_88	Escherichia_coli_16S_1	90.1	425	42	0	1	425	1	1542	-1	0
OTU_90	Lactobacillus_fermentum_16S	92.2	425	33	0	1	425	1	1568	-1	0
OTU_89	Salmonella_enterica_16S_1	89.9	425	43	0	1	425	1	1536	-1	0
OTU_72	Staphylococcus_aureus_16S	94.4	443	24	1	1	443	1	1556	-1	0
OTU_80	Listeria_monocytogenes_16S	91.3	425	37	0	1	425	1	1552	-1	0
OTU_79	Pseudomonas_aeruginosa_16S	96.9	425	13	0	1	425	1	1526	-1	0
OTU_93	Escherichia_coli_16S_1	95.3	425	20	0	1	425	1	1542	-1	0
OTU_83	Bacillus_subtilis_16S	94.4	443	24	1	1	442	1	1558	-1	0
OTU_95	Salmonella_enterica_16S_1	91.8	425	35	0	1	425	1	1536	-1	0
OTU_96	Salmonella_enterica_16S_2	93.4	425	28	0	1	425	1	1538	-1	0
OTU_69	Bacillus_subtilis_16S	94.6	443	23	1	1	442	1	1558	-1	0
OTU_97	Salmonella_enterica_16S_1	91.1	425	38	0	1	425	1	1536	-1	0
OTU_91	Escherichia_coli_16S_1	91.5	425	36	0	1	425	1	1542	-1	0
OTU_98	Bacillus_subtilis_16S	96.9	426	13	0	1	426	1	1558	-1	0
OTU_99	Staphylococcus_aureus_16S	94.3	442	25	0	1	442	1	1556	-1	0
OTU_100	Pseudomonas_aeruginosa_16S	92.7	425	31	0	1	425	1	1526	-1	0
OTU_78	Lactobacillus_fermentum_16S	94.3	442	25	0	1	442	1	1568	-1	0
OTU_105	Pseudomonas_aeruginosa_16S	91.3	425	37	0	1	425	1	1526	-1	0
OTU_106	Listeria_monocytogenes_16S	93.4	442	29	0	1	442	1	1552	-1	0
OTU_108	Escherichia_coli_16S_1	96.5	425	15	0	1	425	1	1542	-1	0
OTU_103	Salmonella_enterica_16S_1	96.5	425	15	0	1	425	1	1536	-1	0
OTU_110	Pseudomonas_aeruginosa_16S	90.8	425	39	0	1	425	1	1526	-1	0
OTU_111	Listeria_monocytogenes_16S	94.3	442	25	0	1	442	1	1552	-1	0
OTU_112	Escherichia_coli_16S_1	91.5	425	36	0	1	425	1	1542	-1	0
OTU_107	Bacillus_subtilis_16S	93.0	443	30	1	1	442	1	1558	-1	0
OTU_102	Bacillus_subtilis_16S	92.5	426	32	0	1	426	1	1558	-1	0
OTU_104	Pseudomonas_aeruginosa_16S	89.2	425	46	0	1	425	1	1526	-1	0
OTU_120	Lactobacillus_fermentum_16S	100.0	246	0	0	1	246	1	1568	-1	0
OTU_115	Pseudomonas_aeruginosa_16S	94.1	425	25	0	1	425	1	1526	-1	0
OTU_116	Enterococcus_faecalis_16S	96.5	425	15	0	1	425	1	1562	-1	0
OTU_109	Lactobacillus_fermentum_16S	93.9	442	27	0	1	442	1	1568	-1	0
OTU_92	Listeria_monocytogenes_16S	94.6	443	23	1	1	443	1	1552	-1	0
OTU_119	Enterococcus_faecalis_16S	96.4	422	15	0	1	422	1	1562	-1	0
OTU_121	Listeria_monocytogenes_16S	96.4	421	15	0	1	421	1	1552	-1	0
OTU_118	Staphylococcus_aureus_16S	96.9	425	13	0	1	425	1	1556	-1	0
OTU_113	Enterococcus_faecalis_16S	96.4	442	16	0	1	442	1	1562	-1	0
OTU_81	Lactobacillus_fermentum_16S	93.0	443	30	1	1	443	1	1568	-1	0
OTU_122	Staphylococcus_aureus_16S	100.0	246	0	0	1	246	1	1556	-1	0
OTU_101	Bacillus_subtilis_16S	95.8	426	18	0	1	426	1	1558	-1	0
OTU_125	Pseudomonas_aeruginosa_16S	93.0	442	31	0	1	442	1	1526	-1	0
OTU_126	Escherichia_coli_16S_1	96.4	442	16	0	1	442	1	1542	-1	0
OTU_127	Staphylococcus_aureus_16S	87.1	442	57	0	1	442	1	1556	-1	0
OTU_130	Staphylococcus_aureus_16S	89.2	425	46	0	1	425	1	1556	-1	0
OTU_131	Salmonella_enterica_16S_1	96.4	442	16	0	1	442	1	1536	-1	0
OTU_132	Salmonella_enterica_16S_1	96.9	425	13	0	1	425	1	1536	-1	0
OTU_133	Bacillus_subtilis_16S	100.0	246	0	0	1	246	1	1558	-1	0
OTU_124	Salmonella_enterica_16S_1	96.7	419	14	0	1	419	1	1536	-1	0
OTU_136	Salmonella_enterica_16S_1	86.5	444	56	2	1	442	1	1536	-1	0
OTU_139	Lactobacillus_fermentum_16S	82.8	425	73	0	1	425	1	1568	-1	0
OTU_140	Staphylococcus_aureus_16S	91.5	425	36	0	1	425	1	1556	-1	0
OTU_128	Escherichia_coli_16S_1	96.7	421	14	0	1	421	1	1542	-1	0
OTU_94	Staphylococcus_aureus_16S	93.9	442	27	0	1	442	1	1556	-1	0
OTU_138	Lactobacillus_fermentum_16S	96.4	442	16	0	1	442	1	1568	-1	0
OTU_129	Escherichia_coli_16S_1	91.4	442	38	0	1	442	1	1542	-1	0
OTU_141	Bacillus_subtilis_16S	96.7	423	14	0	1	423	1	1558	-1	0
OTU_142	Salmonella_enterica_16S_1	87.1	442	57	0	1	442	1	1536	-1	0
OTU_135	Lactobacillus_fermentum_16S	86.4	442	60	0	1	442	1	1568	-1	0
OTU_143	Bacillus_subtilis_16S	87.1	443	56	1	1	442	1	1558	-1	0
OTU_148	Enterococcus_faecalis_16S	92.2	425	33	0	1	425	1	1562	-1	0
OTU_150	Escherichia_coli_16S_1	100.0	394	0	0	1	394	1	1542	-1	0
OTU_149	Lactobacillus_fermentum_16S	100.0	409	0	0	1	409	1	1568	-1	0
OTU_152	Pseudomonas_aeruginosa_16S	95.9	442	18	0	1	442	1	1526	-1	0
OTU_154	Enterococcus_faecalis_16S	94.5	421	23	0	1	421	1	1562	-1	0
OTU_156	Lactobacillus_fermentum_16S	84.8	442	67	0	1	442	1	1568	-1	0
OTU_144	Pseudomonas_aeruginosa_16S	85.2	425	63	0	1	425	1	1526	-1	0
OTU_157	Lactobacillus_fermentum_16S	95.2	442	21	0	1	442	1	1568	-1	0
OTU_158	Listeria_monocytogenes_16S	100.0	246	0	0	1	246	1	1552	-1	0
OTU_147	Listeria_monocytogenes_16S	86.9	442	58	0	1	442	1	1552	-1	0
OTU_164	Pseudomonas_aeruginosa_16S	95.5	425	19	0	1	425	1	1526	-1	0
OTU_163	Staphylococcus_aureus_16S	94.1	425	25	0	1	425	1	1556	-1	0
OTU_151	Listeria_monocytogenes_16S	94.4	425	24	0	1	425	1	1552	-1	0
OTU_153	Salmonella_enterica_16S_1	89.6	425	44	0	1	425	1	1536	-1	0
OTU_165	Staphylococcus_aureus_16S	94.8	425	22	0	1	425	1	1556	-1	0
OTU_166	Bacillus_subtilis_16S	96.0	426	17	0	1	426	1	1558	-1	0
OTU_155	Pseudomonas_aeruginosa_16S	87.8	426	51	1	1	426	1	1526	-1	0
OTU_160	Salmonella_enterica_16S_1	96.0	425	17	0	1	425	1	1536	-1	0
OTU_167	Lactobacillus_fermentum_16S	94.6	425	23	0	1	425	1	1568	-1	0
OTU_169	Staphylococcus_aureus_16S	88.0	442	53	0	1	442	1	1556	-1	0
OTU_159	Pseudomonas_aeruginosa_16S	87.5	425	53	0	1	425	1	1526	-1	0
OTU_172	Staphylococcus_aureus_16S	87.6	444	51	2	1	442	1	1556	-1	0
OTU_173	Escherichia_coli_16S_1	86.4	442	60	0	1	442	1	1542	-1	0
OTU_178	Lactobacillus_fermentum_16S	96.4	420	15	0	1	420	1	1568	-1	0
OTU_179	Bacillus_subtilis_16S	93.6	421	27	0	1	421	1	1558	-1	0
OTU_168	Lactobacillus_fermentum_16S	100.0	396	0	0	1	396	1	1568	-1	0
OTU_182	Lactobacillus_fermentum_16S	96.0	425	17	0	1	425	1	1568	-1	0
OTU_183	Staphylococcus_aureus_16S	94.8	425	22	0	1	425	1	1556	-1	0
OTU_176	Enterococcus_faecalis_16S	100.0	246	0	0	1	246	1	1562	-1	0
OTU_170	Bacillus_subtilis_16S	96.4	443	16	0	1	443	1	1558	-1	0
OTU_187	Bacillus_subtilis_16S	93.9	426	26	0	1	426	1	1558	-1	0
OTU_180	Salmonella_enterica_16S_1	100.0	394	0	0	1	394	1	1536	-1	0
OTU_188	Lactobacillus_fermentum_16S	94.6	425	23	0	1	425	1	1568	-1	0
OTU_175	Lactobacillus_fermentum_16S	94.4	425	24	0	1	425	1	1568	-1	0
OTU_189	Bacillus_subtilis_16S	91.3	426	37	0	1	426	1	1558	-1	0
OTU_171	Salmonella_enterica_16S_1	87.1	443	56	1	1	443	1	1536	-1	0
OTU_177	Lactobacillus_fermentum_16S	96.9	425	13	0	1	425	1	1568	-1	0
OTU_192	Enterococcus_faecalis_16S	93.9	425	26	0	1	425	1	1562	-1	0
OTU_191	Escherichia_coli_16S_1	93.9	442	27	0	1	442	1	1542	-1	0
OTU_194	Staphylococcus_aureus_16S	93.2	425	29	0	1	425	1	1556	-1	0
OTU_195	Listeria_monocytogenes_16S	96.4	442	16	0	1	442	1	1552	-1	0
OTU_200	Salmonella_enterica_16S_2	90.6	425	40	0	1	425	1	1538	-1	0
OTU_202	Lactobacillus_fermentum_16S	98.3	419	7	0	1	419	1	1568	-1	0
OTU_206	Salmonella_enterica_16S_1	92.1	442	35	0	1	442	1	1536	-1	0
OTU_193	Pseudomonas_aeruginosa_16S	90.7	442	41	0	1	442	1	1526	-1	0
OTU_207	Listeria_monocytogenes_16S	87.8	442	54	0	1	442	1	1552	-1	0
OTU_199	Lactobacillus_fermentum_16S	94.3	442	25	0	1	442	1	1568	-1	0
OTU_209	Salmonella_enterica_16S_1	86.9	442	58	0	1	442	1	1536	-1	0
OTU_196	Pseudomonas_aeruginosa_16S	96.2	442	17	0	1	442	1	1526	-1	0
OTU_197	Bacillus_subtilis_16S	93.9	426	3	1	1	403	1	1558	-1	0
OTU_213	Salmonella_enterica_16S_1	100.0	235	0	0	1	235	1	1536	-1	0
OTU_210	Staphylococcus_aureus_16S	91.5	425	36	0	1	425	1	1556	-1	0
OTU_186	Pseudomonas_aeruginosa_16S	88.8	427	44	2	1	425	1	1526	-1	0
OTU_201	Enterococcus_faecalis_16S	96.5	425	15	0	1	425	1	1562	-1	0
OTU_205	Bacillus_subtilis_16S	87.8	443	53	1	1	442	1	1558	-1	0
OTU_204	Lactobacillus_fermentum_16S	96.2	419	16	0	1	419	1	1568	-1	0
OTU_211	Staphylococcus_aureus_16S	95.0	442	22	0	1	442	1	1556	-1	0
OTU_215	Staphylococcus_aureus_16S	95.9	442	18	0	1	442	1	1556	-1	0
OTU_216	Pseudomonas_aeruginosa_16S	97.1	419	12	0	1	419	1	1526	-1	0
OTU_218	Salmonella_enterica_16S_1	96.9	425	13	0	1	425	1	1536	-1	0
OTU_217	Lactobacillus_fermentum_16S	87.1	442	57	0	1	442	1	1568	-1	0
OTU_220	Enterococcus_faecalis_16S	94.1	425	25	0	1	425	1	1562	-1	0
OTU_214	Bacillus_subtilis_16S	98.1	421	8	0	1	421	1	1558	-1	0
OTU_226	Escherichia_coli_16S_1	91.3	425	37	0	1	425	1	1542	-1	0
OTU_221	Enterococcus_faecalis_16S	98.1	419	8	0	1	419	1	1562	-1	0
OTU_219	Listeria_monocytogenes_16S	96.0	425	17	0	1	425	1	1552	-1	0
OTU_229	Lactobacillus_fermentum_16S	96.2	425	16	0	1	425	1	1568	-1	0
OTU_223	Salmonella_enterica_16S_2	93.4	425	28	0	1	425	1	1538	-1	0
OTU_227	Bacillus_subtilis_16S	91.6	443	37	0	1	443	1	1558	-1	0
OTU_225	Bacillus_subtilis_16S	95.8	426	17	1	1	425	1	1558	-1	0
OTU_231	Listeria_monocytogenes_16S	94.1	425	25	0	1	425	1	1552	-1	0
OTU_233	Lactobacillus_fermentum_16S	97.1	419	12	0	1	419	1	1568	-1	0
OTU_234	Listeria_monocytogenes_16S	100.0	408	0	0	1	408	1	1552	-1	0
OTU_228	Bacillus_subtilis_16S	96.4	443	16	0	1	443	1	1558	-1	0
OTU_236	Lactobacillus_fermentum_16S	96.5	425	15	0	1	425	1	1568	-1	0
OTU_224	Enterococcus_faecalis_16S	98.3	419	7	0	1	419	1	1562	-1	0
OTU_237	Salmonella_enterica_16S_1	96.3	427	16	0	1	427	1	1536	-1	0
OTU_238	Enterococcus_faecalis_16S	85.6	444	60	2	1	442	1	1562	-1	0
OTU_235	Pseudomonas_aeruginosa_16S	96.9	425	13	0	1	425	1	1526	-1	0
OTU_241	Listeria_monocytogenes_16S	94.8	425	22	0	1	425	1	1552	-1	0
OTU_240	Escherichia_coli_16S_1	91.5	425	36	0	1	425	1	1542	-1	0
OTU_243	Enterococcus_faecalis_16S	95.5	425	19	0	1	425	1	1562	-1	0
OTU_245	Lactobacillus_fermentum_16S	94.8	425	22	0	1	425	1	1568	-1	0
OTU_247	Staphylococcus_aureus_16S	100.0	403	0	0	1	403	1	1556	-1	0
OTU_246	Salmonella_enterica_16S_1	92.3	442	34	0	1	442	1	1536	-1	0
OTU_222	Bacillus_subtilis_16S	92.0	426	33	1	1	425	1	1558	-1	0
OTU_239	Salmonella_enterica_16S_2	93.2	442	30	0	1	442	1	1538	-1	0
OTU_249	Listeria_monocytogenes_16S	98.1	419	8	0	1	419	1	1552	-1	0
OTU_242	Lactobacillus_fermentum_16S	96.6	442	15	0	1	442	1	1568	-1	0
OTU_244	Lactobacillus_fermentum_16S	89.8	442	45	0	1	442	1	1568	-1	0
OTU_248	Staphylococcus_aureus_16S	100.0	232	0	0	1	232	1	1556	-1	0
OTU_252	Pseudomonas_aeruginosa_16S	93.6	425	27	0	1	425	1	1526	-1	0
OTU_251	Staphylococcus_aureus_16S	96.2	425	16	0	1	425	1	1556	-1	0
OTU_257	Escherichia_coli_16S_1	94.1	425	25	0	1	425	1	1542	-1	0
OTU_256	Listeria_monocytogenes_16S	97.9	432	9	0	1	432	1	1552	-1	0
OTU_259	Staphylococcus_aureus_16S	96.2	442	17	0	1	442	1	1556	-1	0
OTU_253	Pseudomonas_aeruginosa_16S	91.1	425	38	0	1	425	1	1526	-1	0
OTU_262	Listeria_monocytogenes_16S	96.9	425	13	0	1	425	1	1552	-1	0
OTU_266	Staphylococcus_aureus_16S	90.1	425	42	0	1	425	1	1556	-1	0
OTU_264	Escherichia_coli_16S_1	92.0	425	34	0	1	425	1	1542	-1	0
OTU_267	Listeria_monocytogenes_16S	94.4	425	24	0	1	425	1	1552	-1	0
OTU_260	Staphylococcus_aureus_16S	87.1	425	55	0	1	425	1	1556	-1	0
OTU_269	Enterococcus_faecalis_16S	96.0	422	17	0	1	422	1	1562	-1	0
OTU_265	Lactobacillus_fermentum_16S	92.5	425	32	0	1	425	1	1568	-1	0
OTU_263	Staphylococcus_aureus_16S	95.1	425	21	0	1	425	1	1556	-1	0
